time,latitude,longitude,depth,mag,magType,nst,gap,dmin,rms,net,id,updated,place,type,horizontalError,depthError,magError,magNst,status,locationSource,magSource
2021-10-20T18:46:48.430Z,35.77,-117.5815,6.93,1.46,ml,23,81,0.04746,0.17,ci,ci39838567,2021-10-20T18:50:28.585Z,"16km W of Searles Valley, CA",earthquake,0.3,0.6,0.131,22,automatic,ci,ci
2021-10-20T18:41:32.050Z,19.1720008850098,-155.500335693359,35.6599998474121,2.17000008,md,40,106,,0.119999997,hv,hv72763802,2021-10-20T18:44:41.950Z,"4 km SSW of Pāhala, Hawaii",earthquake,0.59,0.939999998,1.30999994,20,automatic,hv,hv
2021-10-20T18:34:30.320Z,38.8095016,-122.805336,1.11,0.84,md,6,93,0.007987,0.01,nc,nc73641985,2021-10-20T18:48:10.530Z,"6km NW of The Geysers, CA",earthquake,0.48,2.12,,1,automatic,nc,nc
2021-10-20T18:26:57.970Z,33.496,-116.5105,12.84,1,ml,31,57,0.06368,0.17,ci,ci39838551,2021-10-20T18:30:34.006Z,"16km ESE of Anza, CA",earthquake,0.24,0.5,0.177,22,automatic,ci,ci
2021-10-20T17:55:06.000Z,38.7931671,-122.8075027,3.33,0.94,md,17,88,0.005947,0.02,nc,nc73641975,2021-10-20T18:27:12.413Z,"5km WNW of The Geysers, CA",earthquake,0.33,0.82,0.2,3,automatic,nc,nc
2021-10-20T17:54:49.670Z,38.5116653,-119.4998322,6.84,1.63,md,7,76,0.04891,0.05,nc,nc73641970,2021-10-20T18:17:11.600Z,"2km W of Walker, CA",earthquake,0.47,0.9,0.12,5,automatic,nc,nc
2021-10-20T17:52:54.176Z,63.2693,-151.064,7.8,1.6,ml,,,,0.77,ak,ak021dguwbe1,2021-10-20T17:56:04.926Z,"44 km SE of Denali National Park, Alaska",earthquake,,0.3,,,automatic,ak,ak
2021-10-20T17:05:48.120Z,38.8166656,-122.7955017,2.23,0.84,md,8,109,0.008686,0.01,nc,nc73641960,2021-10-20T18:30:10.428Z,"6km NW of The Geysers, CA",earthquake,0.37,0.86,,1,automatic,nc,nc
2021-10-20T16:42:06.690Z,19.2003326416016,-155.434173583984,32.2799987792969,1.88999999,md,35,144,,0.119999997,hv,hv72763682,2021-10-20T16:45:15.100Z,"4 km E of Pāhala, Hawaii",earthquake,0.62,0.839999974,0.939999998,3,automatic,hv,hv
2021-10-20T16:32:35.629Z,60.4266,-139.9708,0,2.4,ml,,,,0.91,ak,ak021dgu6jxk,2021-10-20T16:45:47.490Z,"98 km N of Yakutat, Alaska",earthquake,,0.2,,,automatic,ak,ak
2021-10-20T16:32:14.980Z,38.8258324,-122.7986679,2.64,0.63,md,8,104,0.009236,0.02,nc,nc73641950,2021-10-20T18:08:12.301Z,"6km NW of The Geysers, CA",earthquake,0.42,0.98,,1,automatic,nc,nc
2021-10-20T16:31:24.903Z,59.0329,-154.0485,100.8,1.8,ml,,,,0.29,ak,ak021dgu6bhm,2021-10-20T16:34:25.684Z,"61 km SE of Kokhanok, Alaska",earthquake,,0.8,,,automatic,ak,ak
2021-10-20T16:25:17.180Z,33.5631667,-116.6651667,10.17,0.41,ml,21,45,0.02911,0.1,ci,ci39838415,2021-10-20T17:55:25.635Z,"1km NE of Anza, CA",earthquake,0.17,0.32,0.088,4,reviewed,ci,ci
2021-10-20T16:20:20.435Z,59.5503,-152.9622,86.4,1.9,ml,,,,0.46,ak,ak021dgu3y9a,2021-10-20T16:26:14.768Z,"62 km WNW of Nanwalek, Alaska",earthquake,,0.4,,,automatic,ak,ak
2021-10-20T16:09:20.910Z,33.6735,-116.7545,13.66,0.43,ml,14,121,0.05042,0.06,ci,ci39838383,2021-10-20T17:44:32.182Z,"8km SSW of Idyllwild, CA",earthquake,0.26,0.35,0.253,4,reviewed,ci,ci
2021-10-20T15:57:26.434Z,38.3639,-118.1671,5.7,0.5,ml,8,104.75,0.07,0.0391,nn,nn00826259,2021-10-20T16:01:34.511Z,"5 km WSW of Mina, Nevada",earthquake,,3.4,0.39,4,automatic,nn,nn
2021-10-20T15:52:28.783Z,38.1529,-117.9064,9.3,1.6,ml,21,67.42,0.027,0.1074,nn,nn00826255,2021-10-20T17:14:52.369Z,"31 km SE of Mina, Nevada",earthquake,,0.6,0.21,12,reviewed,nn,nn
2021-10-20T15:47:00.987Z,65.0143,-152.0819,8.9,1.5,ml,,,,0.54,ak,ak021dgto9hu,2021-10-20T15:50:10.696Z,"17 km S of Tanana, Alaska",earthquake,,0.4,,,automatic,ak,ak
2021-10-20T15:45:17.510Z,19.195499420166,-155.412826538086,34.0800018310547,1.91999996,md,42,158,,0.109999999,hv,hv72763632,2021-10-20T15:48:36.510Z,"6 km E of Pāhala, Hawaii",earthquake,0.7,0.829999983,0.629999995,3,automatic,hv,hv
2021-10-20T15:41:46.370Z,63.4659,-148.421,5.5,1.6,ml,,,,0.48,ak,ak021dgtn2p7,2021-10-20T15:47:00.212Z,"27 km ENE of Cantwell, Alaska",earthquake,,0.2,,,automatic,ak,ak
2021-10-20T15:17:23.530Z,33.2393333,-116.0063333,4.99,1.23,ml,36,86,0.04413,0.18,ci,ci39838335,2021-10-20T18:03:27.380Z,"8km SW of Salton City, CA",earthquake,0.2,0.55,0.065,18,reviewed,ci,ci
2021-10-20T14:53:06.560Z,19.1546669006348,-155.486831665039,31.3799991607666,1.83000004,md,41,154,,0.129999995,hv,hv72763602,2021-10-20T14:56:23.210Z,"5 km S of Pāhala, Hawaii",earthquake,0.63,1.26999998,0.800000012,7,automatic,hv,hv
2021-10-20T14:47:13.010Z,44.3345,-110.6435,3.72,0.98,md,7,165,0.07747,0.07,uu,uu60029284,2021-10-20T16:26:24.090Z,"51 km SE of West Yellowstone, Montana",earthquake,0.58,1.12,0.257,6,reviewed,uu,uu
2021-10-20T14:47:01.910Z,44.3393333,-110.6451667,4.09,1.47,md,10,111,0.07454,0.07,uu,uu60463927,2021-10-20T15:13:54.780Z,"51 km SE of West Yellowstone, Montana",earthquake,0.38,0.64,0.298,6,reviewed,uu,uu
2021-10-20T14:18:54.560Z,39.4258333,-110.3063333,-1.62,1.59,ml,11,196,0.01464,0.13,uu,uu60463922,2021-10-20T14:42:35.340Z,"15 km SSE of Sunnyside, Utah",earthquake,0.89,0.59,0.148,4,reviewed,uu,uu
2021-10-20T14:16:51.426Z,59.9278,-152.8023,98.1,1.3,ml,,,,0.72,ak,ak021dgswal9,2021-10-20T14:20:30.796Z,"56 km WNW of Anchor Point, Alaska",earthquake,,0.7,,,automatic,ak,ak
2021-10-20T14:15:47.070Z,19.1736660003662,-155.463668823242,33.7999992370605,2.41,ml,50,105,,0.109999999,hv,hv72763582,2021-10-20T14:21:18.480Z,"3 km SSE of Pāhala, Hawaii",earthquake,0.54,0.75999999,3.16,27,automatic,hv,hv
2021-10-20T14:07:02.450Z,36.677166,-121.3123322,7.58,2.56,md,37,48,0.05116,0.14,nc,nc73641935,2021-10-20T16:12:02.661Z,"13km S of Tres Pinos, CA",earthquake,0.32,0.91,0.17,42,automatic,nc,nc
2021-10-20T14:01:36.928Z,61.528,-151.2571,60.8,1.2,ml,,,,0.59,ak,ak021dgst1pz,2021-10-20T14:11:39.318Z,"39 km W of Susitna, Alaska",earthquake,,0.7,,,automatic,ak,ak
2021-10-20T13:48:52.413Z,38.2026,-117.7269,9.9,1.1,ml,10,139.25,0.029,0.1277,nn,nn00826252,2021-10-20T13:51:55.700Z,"39 km ESE of Mina, Nevada",earthquake,,0.7,0.21,7,automatic,nn,nn
2021-10-20T13:37:42.630Z,19.1773338317871,-155.483840942383,35.1599998474121,1.88,md,47,79,,0.109999999,hv,hv72763542,2021-10-20T13:40:46.660Z,"2 km S of Pāhala, Hawaii",earthquake,0.56,1.04999995,0.910000026,15,automatic,hv,hv
2021-10-20T13:36:22.199Z,62.1317,-149.6447,51.6,1.7,ml,,,,0.59,ak,ak021dgsf31n,2021-10-20T13:39:45.059Z,"11 km ESE of Susitna North, Alaska",earthquake,,0.9,,,automatic,ak,ak
2021-10-20T13:34:39.320Z,19.2154998779297,-155.37516784668,31.6599998474121,1.99000001,md,47,157,,0.140000001,hv,hv72763537,2021-10-20T13:37:45.710Z,"10 km E of Pāhala, Hawaii",earthquake,0.61,0.939999998,0.74000001,13,automatic,hv,hv
2021-10-20T13:34:12.820Z,34.1081667,-117.4845,5.75,1.92,ml,64,17,0.03891,0.23,ci,ci39838295,2021-10-20T14:04:11.539Z,"3km WNW of Fontana, CA",earthquake,0.22,0.86,0.143,26,automatic,ci,ci
2021-10-20T13:33:54.860Z,33.2433333,-116.0065,5.09,1.23,ml,40,45,0.04054,0.17,ci,ci39838287,2021-10-20T17:54:15.300Z,"8km SW of Salton City, CA",earthquake,0.17,0.42,0.085,13,reviewed,ci,ci
2021-10-20T13:31:14.873Z,62.1287,-149.6741,37.1,3.4,ml,,,,0.74,ak,ak021dgsdztr,2021-10-20T17:49:07.461Z,"9 km ESE of Susitna North, Alaska",earthquake,,0.6,,,reviewed,ak,ak
2021-10-20T13:19:23.280Z,19.1636657714844,-155.459503173828,34.5800018310547,1.87,md,39,166,,0.129999995,hv,hv72763532,2021-10-20T13:22:28.530Z,"4 km SSE of Pāhala, Hawaii",earthquake,0.55,0.970000029,1.89999998,4,automatic,hv,hv
2021-10-20T13:19:05.373Z,60.3311,-152.1548,94.4,1.5,ml,,,,0.47,ak,ak021dgsbeke,2021-10-20T13:23:42.809Z,"41 km NW of Ninilchik, Alaska",earthquake,,0.7,,,automatic,ak,ak
2021-10-20T13:15:32.470Z,38.7799988,-122.7440033,0.43,0.65,md,7,91,0.006543,0.02,nc,nc73641925,2021-10-20T13:33:14.247Z,"1km ENE of The Geysers, CA",earthquake,0.36,0.79,,1,automatic,nc,nc
2021-10-20T13:08:27.969Z,61.9734,-149.8609,32.7,2.4,ml,,,,0.71,ak,ak021dgs93fo,2021-10-20T13:12:51.353Z,"20 km S of Susitna North, Alaska",earthquake,,0.5,,,automatic,ak,ak
2021-10-20T13:02:15.320Z,47.7773333,-113.7156667,4.13,0.69,ml,6,155,0.217,0.14,mb,mb80527479,2021-10-20T15:09:37.940Z,"19 km SSE of Swan Lake, Montana",earthquake,0.83,10.62,0.179,2,reviewed,mb,mb
2021-10-20T12:57:53.778Z,61.5805,-146.4599,22.1,2.1,ml,,,,0.71,ak,ak021dgry7rb,2021-10-20T13:00:29.719Z,"48 km SSE of Nelchina, Alaska",earthquake,,0.4,,,automatic,ak,ak
2021-10-20T12:55:36.456Z,58.0509,-154.7377,37.9,1.9,ml,,,,1.69,ak,ak021dgrxr59,2021-10-20T13:06:33.040Z,"56 km NNW of Karluk, Alaska",earthquake,,0.5,,,automatic,ak,ak
2021-10-20T12:43:30.020Z,19.1638336181641,-155.508331298828,34.1800003051758,2.02999997,md,38,107,,0.159999996,hv,hv72763507,2021-10-20T12:46:45.460Z,"5 km SW of Pāhala, Hawaii",earthquake,0.68,0.889999986,0.140000001,9,automatic,hv,hv
2021-10-20T12:39:38.960Z,33.9143333,-117.578,5.33,0.4,ml,14,94,0.03393,0.08,ci,ci39838255,2021-10-20T14:46:07.379Z,"3km SW of Norco, CA",earthquake,0.18,0.24,0.265,2,reviewed,ci,ci
2021-10-20T12:37:03.250Z,19.138500213623,-155.485504150391,32.7099990844727,1.79999995,md,39,168,,0.150000006,hv,hv72763502,2021-10-20T12:40:11.220Z,"7 km S of Pāhala, Hawaii",earthquake,0.69,0.99000001,1.89999998,4,automatic,hv,hv
2021-10-20T12:36:13.660Z,38.5466652,-119.5241699,5.06,2.37,md,11,80,0.03935,0.08,nc,nc73641920,2021-10-20T16:46:54.523Z,"5km NW of Walker, CA",earthquake,0.32,1.22,0.17,14,automatic,nc,nc
2021-10-20T12:30:50.680Z,19.2063331604004,-155.391494750977,32.7200012207031,2.41,ml,48,158,,0.119999997,hv,hv72763492,2021-10-20T12:36:21.740Z,"9 km E of Pāhala, Hawaii",earthquake,0.56,0.74000001,3.39,7,automatic,hv,hv
2021-10-20T12:30:21.328Z,57.6471,-153.2657,58.3,2.1,ml,,,,0.7,ak,ak021dgrsd2s,2021-10-20T12:34:36.666Z,"33 km SW of Port Lions, Alaska",earthquake,,1.1,,,automatic,ak,ak
2021-10-20T12:12:19.200Z,35.6618333,-117.5386667,8.82,1.45,ml,21,91,0.09763,0.15,ci,ci39838223,2021-10-20T13:41:37.370Z,"13km ENE of Ridgecrest, CA",earthquake,0.3,0.93,0.151,19,reviewed,ci,ci
2021-10-20T11:53:26.290Z,35.9283333,-117.7076667,3.48,1.57,ml,27,45,0.05042,0.11,ci,ci39838199,2021-10-20T17:00:50.790Z,"18km E of Little Lake, CA",earthquake,0.12,0.32,0.15,19,reviewed,ci,ci
2021-10-20T11:52:44.235Z,38.1617,-117.859,8.7,1,ml,12,103.24,0.01,0.056,nn,nn00826247,2021-10-20T11:56:13.942Z,"33 km SE of Mina, Nevada",earthquake,,0.5,0.27,7,automatic,nn,nn
2021-10-20T11:47:03.214Z,62.8704,-148.1567,54.7,1.8,ml,,,,0.79,ak,ak021dgraj8x,2021-10-20T11:50:21.905Z,"70 km SE of Cantwell, Alaska",earthquake,,0.4,,,automatic,ak,ak
2021-10-20T11:26:07.110Z,38.8196678,-122.8146667,1.56,1.02,md,10,100,0.005169,0.01,nc,nc73641910,2021-10-20T11:47:11.920Z,"7km NW of The Geysers, CA",earthquake,0.43,0.78,,1,automatic,nc,nc
2021-10-20T11:25:56.950Z,38.8188324,-122.8144989,1.63,1.2,md,21,44,0.005719,0.02,nc,nc73641905,2021-10-20T14:22:12.559Z,"7km NW of The Geysers, CA",earthquake,0.2,0.4,0.01,5,automatic,nc,nc
2021-10-20T11:25:43.440Z,38.8181648,-122.814003,1.82,1.33,md,23,45,0.006058,0.03,nc,nc73641900,2021-10-20T15:16:11.896Z,"7km NW of The Geysers, CA",earthquake,0.19,0.4,0.3,5,automatic,nc,nc
2021-10-20T11:05:22.153Z,38.523,-119.4118,1.3,1.3,ml,8,99.4,0.028,0.1114,nn,nn00826245,2021-10-20T11:08:24.557Z,"5 km E of Walker, California",earthquake,,1,0.28,3,automatic,nn,nn
2021-10-20T10:55:26.890Z,38.833168,-122.8191681,1.71,0.85,md,5,151,0.01207,0.02,nc,nc73641895,2021-10-20T11:56:12.377Z,"8km NW of The Geysers, CA",earthquake,0.77,1.75,,1,automatic,nc,nc
2021-10-20T10:44:49.626Z,59.9635,-152.8029,93.2,1.6,ml,,,,0.48,ak,ak021dgqok28,2021-10-20T10:49:05.464Z,"58 km WNW of Anchor Point, Alaska",earthquake,,0.7,,,automatic,ak,ak
2021-10-20T10:37:45.647Z,38.1502,-117.8965,10.5,1.6,ml,19,66.03,0.021,0.1208,nn,nn00826242,2021-10-20T17:27:19.896Z,"32 km SE of Mina, Nevada",earthquake,,0.7,0.22,11,reviewed,nn,nn
2021-10-20T10:25:43.767Z,63.225,-150.4798,125.6,1.8,ml,,,,0.36,ak,ak021dgqkh0h,2021-10-20T10:30:43.233Z,"71 km ESE of Denali National Park, Alaska",earthquake,,0.8,,,automatic,ak,ak
2021-10-20T10:10:14.000Z,44.4895,-112.677,3.9,1.34,ml,13,109,0.227,0.21,mb,mb80527494,2021-10-20T15:26:57.980Z,"17 km SSW of Lima, Montana",earthquake,0.61,14.37,0.166,11,reviewed,mb,mb
2021-10-20T10:03:52.380Z,37.5771675,-118.777832,6.18,1.38,md,10,215,0.04271,0.01,nc,nc73641885,2021-10-20T11:21:11.284Z,"9km WNW of Toms Place, CA",earthquake,1.57,0.73,0.06,10,automatic,nc,nc
2021-10-20T10:02:39.230Z,19.2250003814697,-155.417663574219,33.1800003051758,1.99000001,md,36,135,,0.150000006,hv,hv72763402,2021-10-20T10:05:57.420Z,"6 km ENE of Pāhala, Hawaii",earthquake,0.52,0.769999981,1.82000005,6,automatic,hv,hv
2021-10-20T09:59:55.610Z,37.5796661,-118.7788315,6.25,1.57,md,12,213,0.06789,0.01,nc,nc73641875,2021-10-20T13:38:13.276Z,"9km WNW of Toms Place, CA",earthquake,2,1,0.15,13,automatic,nc,nc
2021-10-20T09:47:30.740Z,36.6638336,-121.3206635,5.36,1.64,md,14,106,0.05308,0.15,nc,nc73641865,2021-10-20T10:56:12.422Z,"14km S of Tres Pinos, CA",earthquake,0.56,1.22,0.2,11,automatic,nc,nc
2021-10-20T09:46:06.260Z,40.6251678,-122.4250031,21.49,2.4,md,8,136,0.08203,0.09,nc,nc73641860,2021-10-20T13:13:11.934Z,"6km ENE of Shasta, CA",earthquake,0.72,0.63,0.15,8,automatic,nc,nc
2021-10-20T09:36:06.760Z,33.3593333,-116.356,5.26,0.41,ml,27,67,0.03383,0.18,ci,ci39838159,2021-10-20T16:53:10.817Z,"12km N of Borrego Springs, CA",earthquake,0.3,0.43,0.038,8,reviewed,ci,ci
2021-10-20T09:35:36.013Z,64.4259,-146.6863,4.5,1.6,ml,,,,0.59,ak,ak021dgq15z4,2021-10-20T09:40:17.783Z,"7 km NW of Harding-Birch Lakes, Alaska",earthquake,,0.2,,,automatic,ak,ak
2021-10-20T09:31:24.070Z,33.149,-115.6221667,5.8,1.58,ml,38,56,0.02892,0.19,ci,ci39838151,2021-10-20T16:45:21.050Z,"10km WNW of Calipatria, CA",earthquake,0.16,0.25,0.267,14,reviewed,ci,ci
2021-10-20T09:30:11.580Z,19.1803340911865,-155.474166870117,36.0400009155273,1.86000001,md,37,151,,0.109999999,hv,hv72763372,2021-10-20T09:33:16.160Z,"2 km S of Pāhala, Hawaii",earthquake,0.73,1.01999998,1.23000002,3,automatic,hv,hv
2021-10-20T09:29:46.440Z,46.7995,-121.9415,6.15,0.65,ml,12,151,0.04254,0.09,uw,uw61782742,2021-10-20T16:26:01.130Z,"8 km ENE of Ashford, Washington",earthquake,0.31,0.52,0.147249644973588,3,reviewed,uw,uw
2021-10-20T09:23:24.954Z,38.1458,-118.0174,4.4,1.5,ml,20,123.5,0.031,0.135,nn,nn00826237,2021-10-20T18:01:35.251Z,"28 km SSE of Mina, Nevada",earthquake,,1,0.37,10,reviewed,nn,nn
2021-10-20T09:23:23.459Z,61.679,-150.0149,38.3,1.7,ml,,,,0.54,ak,ak021dgpykel,2021-10-20T09:29:56.444Z,"7 km S of Willow, Alaska",earthquake,,1.6,,,automatic,ak,ak
2021-10-20T09:21:11.485Z,-8.2556,116.7935,10,4.8,mb,,66,2.622,0.86,us,us6000fw2t,2021-10-20T09:46:04.589Z,"30 km NNE of Labuan Lombok, Indonesia",earthquake,7.3,1.9,0.116,23,reviewed,us,us
2021-10-20T09:04:15.240Z,34.1215,-117.4848333,4.5,0.85,ml,22,90,0.04404,0.14,ci,ci39838143,2021-10-20T16:36:15.644Z,"4km NW of Fontana, CA",earthquake,0.25,0.37,0.216,7,reviewed,ci,ci
2021-10-20T08:58:01.450Z,19.1608333587646,-155.475326538086,32.9300003051758,1.83000004,md,37,111,,0.119999997,hv,hv72763337,2021-10-20T09:01:11.970Z,"4 km S of Pāhala, Hawaii",earthquake,0.55,0.870000005,0.0199999996,5,automatic,hv,hv
2021-10-20T08:57:15.770Z,36.6800003,-121.3141632,7.78,3.73,mw,58,32,0.05094,0.15,nc,nc73641850,2021-10-20T18:43:58.500Z,"12km S of Tres Pinos, CA",earthquake,0.24,0.61,,4,reviewed,nc,nc
2021-10-20T08:52:50.720Z,36.6793327,-121.3115005,4.82,2.77,md,41,87,0.04944,0.09,nc,nc73641845,2021-10-20T12:40:12.958Z,"12km S of Tres Pinos, CA",earthquake,0.21,0.88,0.15,45,automatic,nc,nc
2021-10-20T08:45:06.828Z,62.2353,-150.0191,53.9,1.8,ml,,,,0.63,ak,ak021dgphta2,2021-10-20T17:27:02.580Z,"10 km SSE of Talkeetna, Alaska",earthquake,,0.5,,,automatic,ak,ak
2021-10-20T08:42:04.340Z,63.5077,-147.7693,0,1.6,ml,,,,0.72,ak,ak021dgph5xk,2021-10-20T08:47:11.360Z,"60 km ENE of Cantwell, Alaska",earthquake,,0.3,,,automatic,ak,ak
2021-10-20T08:35:18.110Z,36.2198333,-117.8491667,3.21,0.95,ml,25,115,0.1021,0.13,ci,ci39838127,2021-10-20T16:30:46.811Z,"16km ESE of Olancha, CA",earthquake,0.2,0.49,0.178,10,reviewed,ci,ci
2021-10-20T08:19:41.970Z,38.8055,-122.8201675,2.13,0.63,md,8,89,0.007802,0.01,nc,nc73641840,2021-10-20T08:21:18.653Z,"6km WNW of The Geysers, CA",earthquake,0.63,1.3,,1,automatic,nc,nc
2021-10-20T08:19:32.402Z,61.386,-146.749,20.6,1.8,ml,,,,0.81,ak,ak021dgpcamz,2021-10-20T08:23:48.601Z,"35 km NW of Valdez, Alaska",earthquake,,0.4,,,automatic,ak,ak
2021-10-20T08:04:19.987Z,67.1497,-141.875,0,2.6,ml,,,,0.94,ak,ak021dgp91xq,2021-10-20T08:08:56.820Z,"97 km ENE of Chalkyitsik, Alaska",earthquake,,0.7,,,automatic,ak,ak
2021-10-20T08:03:26.520Z,31.66063292,-104.341491,6.979931641,2.9,ml,29,66,0.1360305337,0.3,tx,tx2021uocw,2021-10-20T08:33:18.919Z,"57 km S of Whites City, New Mexico",earthquake,1.278817198,1.836234371,0.1,26,reviewed,tx,tx
2021-10-20T07:50:35.980Z,19.2023334503174,-155.435333251953,33.1199989318848,2.27,ml,51,136,,0.109999999,hv,hv72763287,2021-10-20T07:56:07.860Z,"4 km E of Pāhala, Hawaii",earthquake,0.48,0.689999998,3.62,11,automatic,hv,hv
2021-10-20T07:39:07.990Z,35.6293333,-117.4591667,8.54,1.03,ml,26,115,0.04281,0.14,ci,ci39838111,2021-10-20T16:25:30.123Z,"16km SSW of Searles Valley, CA",earthquake,0.22,0.45,0.174,12,reviewed,ci,ci
2021-10-20T07:34:34.110Z,34.8303333,-119.0373333,11.8,1.56,ml,23,75,0.07847,0.25,ci,ci39838103,2021-10-20T15:16:12.255Z,"8km W of Frazier Park, CA",earthquake,0.36,0.66,0.225,6,reviewed,ci,ci
2021-10-20T07:26:03.400Z,38.7973328,-122.8168335,4.65,0.38,md,11,91,0.01402,0.04,nc,nc73641830,2021-10-20T08:15:12.879Z,"6km WNW of The Geysers, CA",earthquake,0.55,1.87,0.25,2,automatic,nc,nc
2021-10-20T07:25:52.320Z,44.1948,-115.108,10.87,3.1,ml,,43,0.807,0.77,us,us6000fw26,2021-10-20T14:42:37.470Z,"13 km W of Stanley, Idaho",earthquake,1.7,10.4,0.049,54,reviewed,us,us
2021-10-20T07:17:42.330Z,37.7603333,-122.2385,4.95,1.1,md,28,74,0.004774,0.09,nc,nc73641820,2021-10-20T10:47:15.951Z,"1km SSE of Alameda, CA",earthquake,0.24,0.26,0.212,18,reviewed,nc,nc
2021-10-20T07:09:00.768Z,56.3566,-156.6204,18,2.6,ml,,,,0.28,ak,ak021dgoonfg,2021-10-20T07:12:10.910Z,"110 km E of Chignik, Alaska",earthquake,,1.2,,,automatic,ak,ak
2021-10-20T07:05:32.200Z,18.0288,-66.7865,14,2.66,md,12,122,0.1808,0.11,pr,pr2021293001,2021-10-20T13:30:06.997Z,"1 km NNE of Guayanilla, Puerto Rico",earthquake,0.41,0.46,0.22,7,reviewed,pr,pr
2021-10-20T07:04:42.970Z,52.3088333333333,-174.191,5.37,1.19,ml,6,260,,0.14,av,av91395871,2021-10-20T18:44:16.960Z,"12 km N of Atka, Alaska",earthquake,0.68,0.92,0.1901952504496,6,reviewed,av,av
2021-10-20T07:01:20.570Z,35.9078333,-117.6828333,9.15,0.56,ml,16,75,0.04788,0.09,ci,ci39838087,2021-10-20T16:20:42.265Z,"20km E of Little Lake, CA",earthquake,0.16,0.37,0.176,5,reviewed,ci,ci
2021-10-20T06:53:01.370Z,19.1681671142578,-155.475173950195,34.3699989318848,1.75999999,md,35,87,,0.140000001,hv,hv72763217,2021-10-20T06:56:20.260Z,"3 km S of Pāhala, Hawaii",earthquake,0.53,0.810000002,0.829999983,7,automatic,hv,hv
2021-10-20T06:51:41.380Z,48.2625,-123.172833333333,45.01,1.57,ml,22,52,0.1818,0.22,uw,uw61782732,2021-10-20T16:16:13.710Z,"16 km NNW of Jamestown, Washington",earthquake,0.47,0.94,0.18262189782594,10,reviewed,uw,uw
2021-10-20T06:45:38.370Z,19.1660003662109,-155.47900390625,31.7999992370605,2.44,ml,49,151,,0.129999995,hv,hv72763212,2021-10-20T07:40:33.040Z,"4 km S of Pāhala, Hawaii",earthquake,0.56,0.790000021,4.11,15,automatic,hv,hv
2021-10-20T06:38:29.655Z,-11.8553,166.8466,205.22,5.1,mb,,48,3.587,0.78,us,us6000fw20,2021-10-20T06:59:14.383Z,"169 km SE of Lata, Solomon Islands",earthquake,9.3,7.1,0.042,188,reviewed,us,us
2021-10-20T06:37:03.200Z,33.2425,-116.0063333,3.75,1.23,ml,52,39,0.04124,0.19,ci,ci39838079,2021-10-20T16:17:38.670Z,"8km SW of Salton City, CA",earthquake,0.16,0.29,0.175,17,reviewed,ci,ci
2021-10-20T06:34:51.880Z,34.2041667,-117.5861667,9.31,1.08,ml,43,62,0.06922,0.17,ci,ci39838071,2021-10-20T16:03:20.700Z,"9km N of Rancho Cucamonga, CA",earthquake,0.19,0.35,0.168,22,reviewed,ci,ci
2021-10-20T06:30:18.483Z,66.3889,-149.0008,0,1.6,ml,,,,1.11,ak,ak021dgo7r56,2021-10-20T06:35:26.756Z,"42 km N of Stevens Village, Alaska",earthquake,,0.4,,,automatic,ak,ak
2021-10-20T06:27:48.170Z,33.1965,-115.5751667,3.05,1.49,ml,26,81,0.03889,0.17,ci,ci39838063,2021-10-20T15:26:50.998Z,"7km SW of Niland, CA",earthquake,0.16,0.21,0.21,9,reviewed,ci,ci
2021-10-20T06:25:10.450Z,34.3108333,-116.8883333,9.65,1.59,ml,39,42,0.05536,0.15,ci,ci39838055,2021-10-20T13:44:55.550Z,"7km NW of Big Bear City, CA",earthquake,0.21,0.41,0.12,27,reviewed,ci,ci
2021-10-20T06:16:41.583Z,61.4156,-150.3348,47,1.6,ml,,,,0.48,ak,ak021dgo4szf,2021-10-20T06:21:05.033Z,"17 km SSE of Susitna, Alaska",earthquake,,0.6,,,automatic,ak,ak
2021-10-20T06:10:51.668Z,-2.3171,139.2108,43.93,4.9,mb,,124,6.98,1.12,us,us6000fw1u,2021-10-20T06:31:43.040Z,"161 km W of Abepura, Indonesia",earthquake,7.8,8.2,0.073,60,reviewed,us,us
2021-10-20T05:59:28.290Z,60.0613,-152.7916,92.2,1.9,ml,,,,0.58,ak,ak021dgnsk5q,2021-10-20T06:10:43.709Z,"60 km WNW of Happy Valley, Alaska",earthquake,,0.5,,,automatic,ak,ak
2021-10-20T05:55:56.470Z,17.9646,-66.8205,11,2.12,md,16,167,0.2238,0.14,pr,pr2021293000,2021-10-20T06:14:35.885Z,"3 km S of Indios, Puerto Rico",earthquake,0.41,0.51,0.16,7,reviewed,pr,pr
2021-10-20T05:51:23.520Z,38.7941666,-122.8131638,2.57,1.45,md,25,74,0.00981,0.05,nc,nc73641790,2021-10-20T06:58:12.418Z,"5km WNW of The Geysers, CA",earthquake,0.26,0.43,0.06,9,automatic,nc,nc
2021-10-20T05:37:45.170Z,19.1518325805664,-155.466995239258,31.7000007629395,1.74000001,md,30,168,,0.140000001,hv,hv72763132,2021-10-20T05:40:47.330Z,"5 km SSE of Pāhala, Hawaii",earthquake,0.88,1.84000003,0.870000005,3,automatic,hv,hv
2021-10-20T05:35:20.030Z,38.7944984,-122.815834,3.85,0.75,md,11,98,0.01173,0.01,nc,nc73641785,2021-10-20T05:36:58.254Z,"6km WNW of The Geysers, CA",earthquake,0.51,1.48,0.5,2,automatic,nc,nc
2021-10-20T05:35:02.630Z,37.4971657,-121.8310013,3.69,1.68,md,20,55,0.04809,0.07,nc,nc73641780,2021-10-20T06:47:16.500Z,"10km NE of Milpitas, CA",earthquake,0.25,0.51,0.13,15,automatic,nc,nc
2021-10-20T05:27:13.510Z,38.7998352,-122.7590027,0.68,0.9,md,8,159,0.0009639,0.01,nc,nc73641775,2021-10-20T05:28:48.042Z,"2km N of The Geysers, CA",earthquake,0.46,0.55,0.37,2,automatic,nc,nc
2021-10-20T05:26:18.350Z,38.7938347,-122.8148346,3.66,0.91,md,7,105,0.01071,0.01,nc,nc73641770,2021-10-20T05:46:10.704Z,"5km WNW of The Geysers, CA",earthquake,0.76,1.53,0.78,2,automatic,nc,nc
2021-10-20T05:25:51.130Z,38.7955017,-122.8030014,15.96,1.99,md,7,80,0.007165,0.06,nc,nc73641760,2021-10-20T06:25:13.453Z,"4km WNW of The Geysers, CA",earthquake,2.89,9.13,,1,automatic,nc,nc
2021-10-20T05:20:56.730Z,19.1906661987305,-155.439498901367,32.75,1.99000001,md,42,140,,0.109999999,hv,hv72763117,2021-10-20T05:23:57.350Z,"4 km ESE of Pāhala, Hawaii",earthquake,0.55,0.779999971,1.38,10,automatic,hv,hv
2021-10-20T05:20:51.710Z,38.7931671,-122.8154984,2.87,2.73,md,58,37,0.01085,0.07,nc,nc73641755,2021-10-20T09:44:11.638Z,"5km WNW of The Geysers, CA",earthquake,0.15,0.23,0.15,47,automatic,nc,nc
2021-10-20T05:18:22.260Z,38.800499,-122.7900009,3.1,1.06,md,14,118,0.007488,0.02,nc,nc73641750,2021-10-20T05:30:10.658Z,"4km NW of The Geysers, CA",earthquake,0.39,0.62,0.14,2,automatic,nc,nc
2021-10-20T05:15:06.780Z,19.1831665039062,-155.468002319336,35.3699989318848,1.86000001,md,39,96,,0.119999997,hv,hv72763112,2021-10-20T05:18:19.260Z,"2 km SSE of Pāhala, Hawaii",earthquake,0.71,0.949999988,1.28999996,16,automatic,hv,hv
2021-10-20T05:05:28.492Z,38.1557,-117.9775,9.3,1.3,ml,17,110.12,0.022,0.1742,nn,nn00826229,2021-10-20T05:08:51.458Z,"28 km SSE of Mina, Nevada",earthquake,,0.4,0.3,9,automatic,nn,nn
2021-10-20T05:04:29.812Z,63.0204,-144.0342,4.8,2.3,ml,,,,0.35,ak,ak021dgngrvv,2021-10-20T05:09:06.897Z,"17 km NW of Mentasta Lake, Alaska",earthquake,,0.2,,,automatic,ak,ak
2021-10-20T05:02:20.120Z,33.1951667,-115.5745,3.58,1.5,ml,21,59,0.03875,0.17,ci,ci39838039,2021-10-20T15:12:06.365Z,"7km SW of Niland, CA",earthquake,0.2,0.21,0.083,3,reviewed,ci,ci
2021-10-20T04:49:33.980Z,38.7903328,-122.7639999,1.78,1.24,md,21,75,0.01081,0.06,nc,nc73641745,2021-10-20T06:02:12.253Z,"2km NNW of The Geysers, CA",earthquake,0.26,0.46,0.3,7,automatic,nc,nc
2021-10-20T04:45:42.659Z,43.2326,45.5898,10,4.7,mb,,71,2.229,0.73,us,us6000fw1d,2021-10-20T11:05:15.697Z,"1 km E of Alkhan-Yurt, Russia",earthquake,7.2,1.9,0.066,70,reviewed,us,us
2021-10-20T04:38:35.700Z,19.1711673736572,-155.475997924805,30.7099990844727,2.27,ml,44,155,,0.129999995,hv,hv72763087,2021-10-20T04:44:06.600Z,"3 km S of Pāhala, Hawaii",earthquake,0.52,0.769999981,3.97,5,automatic,hv,hv
2021-10-20T04:38:21.130Z,19.1529998779297,-155.487167358398,31.0900001525879,2.24,ml,30,161,,0.159999996,hv,hv72763082,2021-10-20T04:43:51.790Z,"Island of Hawaii, Hawaii",earthquake,0.7,1.14999998,3.65,6,automatic,hv,hv
2021-10-20T04:27:30.460Z,44.4818333,-112.6748333,5.82,1.09,ml,12,122,0.23,0.16,mb,mb80527489,2021-10-20T15:16:46.260Z,"18 km SSW of Lima, Montana",earthquake,0.54,4.93,0.214,8,reviewed,mb,mb
2021-10-20T04:23:12.450Z,38.8373337,-122.8203354,0.86,0.86,md,8,106,0.0119,0.01,nc,nc73641735,2021-10-20T04:24:48.054Z,"9km WNW of Cobb, CA",earthquake,0.34,0.98,,1,automatic,nc,nc
2021-10-20T04:16:32.000Z,38.788166,-122.7631683,2.13,0.55,md,13,67,0.01273,0.03,nc,nc73641725,2021-10-20T04:18:08.383Z,"1km NNW of The Geysers, CA",earthquake,0.33,0.6,0.35,4,automatic,nc,nc
2021-10-20T04:14:55.070Z,38.8018341,-122.7621689,0.51,1.1,md,11,58,0.002268,0.33,nc,nc73641720,2021-10-20T05:51:12.579Z,"3km N of The Geysers, CA",earthquake,0.89,2.08,0.05,4,automatic,nc,nc
2021-10-20T04:14:09.620Z,38.8100014,-122.7386703,0.28,1.37,md,13,83,0.02677,0.04,nc,nc73641715,2021-10-20T05:37:13.028Z,"2km SW of Cobb, CA",earthquake,0.24,0.84,0.38,6,automatic,nc,nc
2021-10-20T04:13:39.260Z,38.809166,-122.7383347,0.28,1.28,md,19,84,0.01875,0.05,nc,nc73641710,2021-10-20T05:29:15.320Z,"2km SW of Cobb, CA",earthquake,0.23,0.51,0.11,9,automatic,nc,nc
2021-10-20T04:13:03.280Z,38.8079987,-122.7388306,-0.41,1.5,md,22,59,0.03306,0.05,nc,nc73641705,2021-10-20T08:59:16.127Z,"2km SW of Cobb, CA",earthquake,0.19,0.64,0.1,10,automatic,nc,nc
2021-10-20T04:08:20.290Z,38.800499,-122.7638321,1.1,0.95,md,9,97,0.003222,0.01,nc,nc73641700,2021-10-20T05:07:34.962Z,"3km NNW of The Geysers, CA",earthquake,0.31,0.73,0.25,2,automatic,nc,nc
2021-10-20T04:06:13.120Z,38.7895012,-122.7621689,1.95,1.18,md,15,76,0.01896,0.02,nc,nc73641690,2021-10-20T08:29:14.936Z,"1km NNW of The Geysers, CA",earthquake,0.28,0.47,0.22,6,automatic,nc,nc
2021-10-20T04:05:53.940Z,38.7998352,-122.7561646,-0.17,1.64,md,16,94,0.002882,0.04,nc,nc73641680,2021-10-20T07:47:15.675Z,"2km N of The Geysers, CA",earthquake,0.3,0.59,0.13,6,automatic,nc,nc
2021-10-20T04:05:04.290Z,38.7883339,-122.7614975,1.19,3.39,ml,68,55,0.01235,0.09,nc,nc73641685,2021-10-20T12:19:55.556Z,"1km NNW of The Geysers, CA",earthquake,0.14,0.21,0.264,19,automatic,nc,nc
2021-10-20T04:03:23.600Z,33.5873333,-116.8055,7.89,0.46,ml,25,75,0.03513,0.13,ci,ci39838031,2021-10-20T17:30:38.615Z,"13km WNW of Anza, CA",earthquake,0.19,0.47,0.053,6,reviewed,ci,ci
2021-10-20T03:58:05.410Z,19.2051658630371,-155.439498901367,32.6100006103516,2.18,ml,50,130,,0.109999999,hv,hv72763032,2021-10-20T04:03:36.070Z,"4 km E of Pāhala, Hawaii",earthquake,0.44,0.629999995,4.58,4,automatic,hv,hv
2021-10-20T03:57:32.940Z,19.1923332214355,-155.441665649414,29.3700008392334,2.25,ml,13,167,,0.0900000036,hv,hv72763027,2021-10-20T04:03:04.520Z,"4 km ESE of Pāhala, Hawaii",earthquake,0.87,1.10000002,5.36,3,automatic,hv,hv
2021-10-20T03:39:08.460Z,19.2150001525879,-155.389007568359,31.1299991607666,2.05999994,md,43,156,,0.129999995,hv,hv72763022,2021-10-20T03:42:18.150Z,"9 km E of Pāhala, Hawaii",earthquake,0.6,0.920000017,1.02999997,20,automatic,hv,hv
2021-10-20T03:37:04.960Z,47.5043333,-113.8733333,13.13,0.53,ml,4,249,0.085,0.03,mb,mb80527474,2021-10-20T15:03:30.140Z,"12 km WSW of Condon, Montana",earthquake,1.09,0.62,,0,reviewed,mb,mb
2021-10-20T03:36:43.850Z,35.8931667,-117.4065,4.57,0.68,ml,18,112,0.1,0.14,ci,ci39838015,2021-10-20T17:25:18.668Z,"14km N of Searles Valley, CA",earthquake,0.3,0.58,0.163,7,reviewed,ci,ci
2021-10-20T03:32:56.490Z,44.8621667,-111.6571667,9.99,1.89,ml,37,59,0.132,0.21,mb,mb80527454,2021-10-20T14:55:22.300Z,"38 km WNW of Hebgen Lake Estates, Montana",earthquake,0.39,0.72,0.205,20,reviewed,mb,mb
2021-10-20T03:28:34.160Z,21.8492,144.4346,83.8,4.9,mb,,138,5.61,0.69,us,us6000fw12,2021-10-20T03:47:33.040Z,"Mariana Islands region",earthquake,9.7,6.4,0.044,161,reviewed,us,us
2021-10-20T03:18:22.440Z,36.3493333,-117.79,-1.17,2.08,ml,33,37,0.1777,0.15,ci,ci39838007,2021-10-20T17:21:36.811Z,"21km ENE of Olancha, CA",earthquake,0.19,0.34,0.157,33,reviewed,ci,ci
2021-10-20T03:17:37.410Z,35.8923333,-117.4088333,4,0.93,ml,23,84,0.1019,0.13,ci,ci39837999,2021-10-20T17:02:33.795Z,"14km N of Searles Valley, CA",earthquake,0.21,0.51,0.143,8,reviewed,ci,ci
2021-10-20T03:14:08.900Z,38.7888336,-122.7626648,1.35,0.65,md,13,94,0.012,0.04,nc,nc73641665,2021-10-20T03:36:12.405Z,"1km NNW of The Geysers, CA",earthquake,0.3,0.59,0.2,3,automatic,nc,nc
2021-10-20T03:12:26.540Z,46.1998333333333,-122.184166666667,1.1,0.36,ml,9,138,0.0009961,0.08,uw,uw61782707,2021-10-20T16:09:16.880Z,"38 km NNE of Amboy, Washington",earthquake,0.46,0.24,0.406648656769644,5,reviewed,uw,uw
2021-10-20T02:58:15.650Z,35.8838333,-117.7323333,8.83,1.03,ml,26,56,0.07963,0.09,ci,ci39837991,2021-10-20T16:56:28.990Z,"17km ESE of Little Lake, CA",earthquake,0.12,0.31,0.288,13,reviewed,ci,ci
2021-10-20T02:49:46.900Z,34.1243333,-117.4771667,4.52,1.2,ml,48,45,0.04032,0.17,ci,ci39837983,2021-10-20T16:40:19.566Z,"3km NNW of Fontana, CA",earthquake,0.19,0.35,0.167,27,reviewed,ci,ci
2021-10-20T02:44:04.736Z,35.0391,25.2584,7.15,4.3,mb,,122,0.39,0.84,us,us6000fw0x,2021-10-20T12:18:19.580Z,"10 km ENE of Pýrgos, Greece",earthquake,6.1,5.7,0.113,22,reviewed,us,us
2021-10-20T02:41:18.260Z,38.822834,-122.8021698,2.58,0.35,md,7,131,0.0062,0.02,nc,nc73641645,2021-10-20T04:06:11.149Z,"6km NW of The Geysers, CA",earthquake,0.53,1.22,,1,automatic,nc,nc
2021-10-20T02:25:24.770Z,19.1843338012695,-155.436492919922,34.1100006103516,1.87,md,28,156,,0.109999999,hv,hv72762947,2021-10-20T02:28:28.310Z,"4 km ESE of Pāhala, Hawaii",earthquake,0.61,0.910000026,,4,automatic,hv,hv
2021-10-20T02:15:24.510Z,36.89316667,-97.38216667,7.63,1.43,ml,56,121,0.142172101,0.3,ok,ok2021unrj,2021-10-20T12:26:13.520Z,"5 km SW of Braman, Oklahoma",earthquake,,0.9,0.25,17,reviewed,ok,ok
2021-10-20T02:13:05.966Z,63.264,-151.0812,14.8,1.3,ml,,,,0.78,ak,ak021dglqcoh,2021-10-20T02:19:00.050Z,"44 km SE of Denali National Park, Alaska",earthquake,,0.4,,,automatic,ak,ak
2021-10-20T02:02:05.290Z,37.887,-118.5948333,2.63,1.31,md,14,329,0.2715,0.05,nc,nc73641640,2021-10-20T17:39:48.867Z,"37km NNE of Toms Place, CA",earthquake,0.92,31.61,0.088,14,reviewed,nc,nc
2021-10-20T01:55:09.633Z,38.1393,-117.9288,9.7,1.5,ml,20,75.14,0.024,0.1243,nn,nn00826210,2021-10-20T18:45:17.709Z,"32 km SSE of Mina, Nevada",earthquake,,0.6,0.32,9,reviewed,nn,nn
2021-10-20T01:51:43.430Z,33.9255,-117.6005,8.24,0.48,ml,9,133,0.01391,0.17,ci,ci39837959,2021-10-20T14:34:26.760Z,"5km W of Norco, CA",earthquake,0.43,0.83,0.077,2,reviewed,ci,ci
2021-10-20T01:44:21.699Z,61.4831,-151.8427,12.5,1.1,ml,,,,0.48,ak,ak021dglblih,2021-10-20T01:47:36.797Z,"55 km NW of Beluga, Alaska",earthquake,,0.2,,,automatic,ak,ak
2021-10-20T01:41:15.480Z,36.2165,-117.8605,4.73,1.56,ml,30,52,0.09882,0.15,ci,ci39837951,2021-10-20T16:28:53.980Z,"15km ESE of Olancha, CA",earthquake,0.19,0.92,0.261,20,reviewed,ci,ci
2021-10-20T01:39:47.420Z,33.4965,-116.7768333,4.09,0.38,ml,20,79,0.02523,0.13,ci,ci39837943,2021-10-20T16:20:22.429Z,"10km NE of Aguanga, CA",earthquake,0.21,0.39,0.059,3,reviewed,ci,ci
2021-10-20T01:21:27.107Z,-45.6902,-77.8288,10,4.2,mb,,251,3.942,0.41,us,us6000fw0p,2021-10-20T02:29:30.040Z,"Off the coast of Aisen, Chile",earthquake,12.2,2,0.264,4,reviewed,us,us
2021-10-20T01:17:26.230Z,36.2146667,-117.8596667,5.93,1.39,ml,29,52,0.09697,0.12,ci,ci39837927,2021-10-20T16:14:51.393Z,"15km ESE of Olancha, CA",earthquake,0.19,0.51,0.103,8,reviewed,ci,ci
2021-10-20T01:15:34.830Z,36.2158333,-117.8601667,4.9,2.89,ml,38,52,0.09815,0.14,ci,ci39837919,2021-10-20T16:09:32.430Z,"15km ESE of Olancha, CA",earthquake,0.16,0.73,0.182,82,reviewed,ci,ci
2021-10-20T00:51:11.723Z,38.7031,-118.781,0,1.3,ml,17,108.27,0.365,0.302,nn,nn00826203,2021-10-20T00:54:29.882Z,"6 km NNW of Walker Lake, Nevada",earthquake,,35.3,0.17,7,automatic,nn,nn
2021-10-20T00:47:23.420Z,19.3381671905518,-155.125503540039,2.85999989509583,1.88,ml,33,131,,0.189999998,hv,hv72762842,2021-10-20T00:52:53.230Z,"14 km S of Fern Forest, Hawaii",earthquake,0.49,0.850000024,0.36,5,automatic,hv,hv
2021-10-20T00:46:08.550Z,33.1975,-115.7045,15.68,1.31,ml,8,153,0.07018,0.12,ci,ci39837911,2021-10-20T14:59:12.703Z,"17km S of Bombay Beach, CA",earthquake,0.69,0.82,0.134,3,reviewed,ci,ci
2021-10-20T00:42:22.900Z,38.7921677,-122.8103333,3.89,0.56,md,6,108,0.006851,0.01,nc,nc73641615,2021-10-20T00:56:13.364Z,"5km WNW of The Geysers, CA",earthquake,0.84,2.64,0.35,2,automatic,nc,nc
2021-10-20T00:38:45.398Z,60.2411,-152.6094,110.7,1.8,ml,,,,0.42,ak,ak021dgkoxdy,2021-10-20T18:50:44.040Z,"56 km WNW of Ninilchik, Alaska",earthquake,,0.4,,,automatic,ak,ak
2021-10-20T00:18:08.880Z,38.0545006,-118.7526703,15.51,2.67,md,46,110,0.2771,0.1,nc,nc73641610,2021-10-20T18:45:47.040Z,"29km SE of Bodie, CA",earthquake,0.44,1.15,0.17,41,automatic,nc,nc
2021-10-20T00:06:46.760Z,45.1825,-112.4175,-2,1.47,ml,20,90,0.22,0.19,mb,mb80527449,2021-10-20T14:31:52.800Z,"17 km ESE of Dillon, Montana",quarry blast,0.4,31.61,0.314,9,reviewed,mb,mb
2021-10-19T23:42:40.090Z,38.498,-119.424,0.13,1.19,md,10,153,0.01279,0.05,nc,nc73641605,2021-10-20T09:04:11.388Z,"5km ESE of Walker, CA",earthquake,0.53,0.24,0.243,7,reviewed,nc,nc
2021-10-19T23:41:50.620Z,38.8191681,-122.7600021,1.57,0.85,md,9,187,0.01369,0.03,nc,nc73641600,2021-10-20T00:00:12.627Z,"3km W of Cobb, CA",earthquake,0.56,0.73,,1,automatic,nc,nc
2021-10-19T23:37:18.580Z,35.959,-117.6791667,4.09,0.83,ml,19,55,0.02585,0.08,ci,ci39837879,2021-10-20T15:31:18.019Z,"21km E of Little Lake, CA",earthquake,0.15,0.23,0.124,11,reviewed,ci,ci
2021-10-19T23:33:31.870Z,38.7915001,-122.7600021,2.35,0.84,md,8,113,0.009114,0.01,nc,nc73641595,2021-10-20T01:57:14.073Z,"2km N of The Geysers, CA",earthquake,1.19,1.67,0.45,2,automatic,nc,nc
2021-10-19T23:32:18.534Z,31.716,-103.9877,7.64,2.7,ml,,50,0.222,0.69,us,us6000fw08,2021-10-20T00:06:20.040Z,"36 km W of Mentone, Texas",earthquake,5.3,4.6,0.045,66,reviewed,us,us
2021-10-19T23:30:05.962Z,50.2508,178.7926,10,4.9,mb,,128,1.713,0.84,us,us6000fw0b,2021-10-20T14:03:27.742Z,"Rat Islands, Aleutian Islands, Alaska",earthquake,5.2,1.2,0.033,281,reviewed,us,us
2021-10-19T23:27:21.510Z,35.035,-117.6831667,-0.82,1.05,ml,27,54,0.101,0.18,ci,ci39837863,2021-10-20T15:26:09.176Z,"5km NW of Boron, CA",quarry blast,0.4,31.61,0.148,6,reviewed,ci,ci
2021-10-19T23:22:18.810Z,38.5485,-119.5196667,4.41,1.3,md,14,68,0.03738,0.09,nc,nc73641590,2021-10-20T11:59:10.990Z,"5km NW of Walker, CA",earthquake,0.4,0.49,0.059,8,reviewed,nc,nc
2021-10-19T23:18:14.027Z,56.8273,-155.8092,5.2,2.7,ml,,,,0.57,ak,ak021dfaq745,2021-10-20T18:35:23.040Z,"100 km W of Akhiok, Alaska",earthquake,,0.2,,,automatic,ak,ak
2021-10-19T23:18:05.090Z,33.6733333,-116.7548333,12.68,0.87,ml,22,53,0.05073,0.15,ci,ci39837847,2021-10-20T13:46:18.863Z,"8km SSW of Idyllwild, CA",earthquake,0.3,0.52,0.158,16,reviewed,ci,ci
2021-10-19T23:00:47.740Z,36.8308333,-113.6658333,15.11,1.43,md,8,218,0.3803,0.04,uu,uu60463892,2021-10-20T16:11:57.190Z,"24 km ESE of Littlefield, Arizona",earthquake,0.83,0.64,0.376,6,reviewed,uu,uu
2021-10-19T22:55:19.930Z,33.4921667,-116.7778333,4.39,0.81,ml,32,33,0.02757,0.17,ci,ci39837831,2021-10-20T15:20:00.677Z,"10km NE of Aguanga, CA",earthquake,0.17,0.4,0.143,12,reviewed,ci,ci
2021-10-19T22:50:11.150Z,19.1989994049072,-155.410339355469,31.8400001525879,1.82000005,md,25,165,,0.140000001,hv,hv72762727,2021-10-19T22:53:25.040Z,"7 km E of Pāhala, Hawaii",earthquake,0.81,0.75,0.449999988,6,automatic,hv,hv
2021-10-19T22:38:39.080Z,33.4875,-116.783,2.95,1.44,ml,66,21,0.02873,0.19,ci,ci39837823,2021-10-20T15:11:45.580Z,"9km ENE of Aguanga, CA",earthquake,0.14,0.4,0.131,32,reviewed,ci,ci
2021-10-19T22:28:42.380Z,19.438,-67.0681,11,2.98,md,7,238,0.9715,0.49,pr,pr2021292010,2021-10-19T22:43:25.223Z,"103 km N of Isabela, Puerto Rico",earthquake,3.03,5.53,0.21,5,reviewed,pr,pr
2021-10-19T22:12:24.579Z,10.966,124.8438,10,4.4,mb,,142,3.939,0.54,us,us6000fw7m,2021-10-20T18:25:51.917Z,"2 km ENE of San Pedro, Philippines",earthquake,9.9,1.6,0.162,11,reviewed,us,us
2021-10-19T22:10:48.696Z,41.5739,142.9269,40.59,4.5,mb,,134,0.473,0.67,us,us6000fw02,2021-10-19T22:39:13.040Z,"96 km SSE of Shizunai-furukawachō, Japan",earthquake,6.8,7.5,0.097,31,reviewed,us,us
2021-10-19T22:09:26.332Z,31.71807155,-104.0050945,7.365551758,2.9,ml,28,54,0.02594497053,0.3,tx,tx2021unjg,2021-10-19T22:31:28.873Z,"38 km W of Mentone, Texas",earthquake,1.312584298,0.7833571595999999,0.1,36,reviewed,tx,tx
2021-10-19T21:58:39.000Z,44.5741667,-115.0628333,8.2,1.83,md,13,75,0.758,0.21,mb,mb80527429,2021-10-19T23:12:32.460Z,"40 km NNW of Stanley, Idaho",earthquake,0.59,1.14,,1,reviewed,mb,mb
2021-10-19T21:56:42.990Z,36.5326653,-121.784668,8.37,1.64,md,6,142,0.03505,0.07,nc,nc73641585,2021-10-20T13:25:54.200Z,"3km NNW of Carmel Valley Village, CA",earthquake,1.06,0.89,0.33,7,automatic,nc,nc
2021-10-19T21:49:46.853Z,60.1341,-151.5576,40.3,1.7,ml,,,,0.81,ak,ak021df9q1le,2021-10-19T21:54:02.998Z,"11 km NNE of Ninilchik, Alaska",earthquake,,1.9,,,automatic,ak,ak
2021-10-19T21:49:44.684Z,60.0688,-138.2379,3.08,3.4,ml,,119,0.842,0.52,us,us6000fvzr,2021-10-20T01:10:41.275Z,"86 km SSW of Haines Junction, Canada",earthquake,3.3,7.5,0.043,70,reviewed,us,us
2021-10-19T21:44:37.860Z,19.2233333587646,-155.418502807617,31.2999992370605,1.84000003,md,26,140,,0.129999995,hv,hv72762677,2021-10-19T21:47:58.270Z,"6 km ENE of Pāhala, Hawaii",earthquake,0.64,1.02999997,0.370000005,5,automatic,hv,hv
2021-10-19T21:37:08.350Z,45.0241667,-114.4331667,6.76,1.81,ml,11,118,0.41,0.19,mb,mb80527399,2021-10-19T23:10:01.230Z,"45 km WSW of Salmon, Idaho",earthquake,0.88,2.12,0.111,12,reviewed,mb,mb
2021-10-19T21:30:21.640Z,36.2186667,-117.8596667,5.27,1.26,ml,25,69,0.101,0.15,ci,ci39837735,2021-10-19T21:52:37.697Z,"15km ESE of Olancha, CA",earthquake,0.2,0.68,0.306,13,reviewed,ci,ci
2021-10-19T21:26:51.880Z,38.838665,-122.8253326,2.18,1.43,md,8,136,0.0299,0.02,nc,nc73641575,2021-10-20T00:00:11.627Z,"9km WNW of Cobb, CA",earthquake,0.46,0.87,0.05,8,automatic,nc,nc
2021-10-19T21:19:46.258Z,59.6417,-151.1423,41.2,1.1,ml,,,,0.14,ak,ak021df9jm2p,2021-10-19T21:23:34.755Z,"6 km NE of Halibut Cove, Alaska",earthquake,,1,,,automatic,ak,ak
2021-10-19T21:17:39.130Z,58.2856666666667,-154.987333333333,2.62,-0.28,ml,8,132,,0.1,av,av91042718,2021-10-20T03:21:17.930Z,"85 km NNW of Karluk, Alaska",earthquake,0.26,0.4,0.271155316233796,8,reviewed,av,av
2021-10-19T21:11:18.354Z,-47.1014,165.7075,14.48,4.7,mb,,119,1.151,1.1,us,us6000fvzd,2021-10-19T21:27:18.040Z,"195 km WSW of Riverton, New Zealand",earthquake,8.2,5.4,0.133,17,reviewed,us,us
2021-10-19T21:02:59.890Z,36.3525,-117.4678333,-0.3,0.33,ml,7,237,0.1289,0.1,ci,ci39837711,2021-10-19T21:43:24.981Z,"40km SW of Stovepipe Wells, CA",earthquake,0.39,0.48,0.041,1,reviewed,ci,ci
2021-10-19T20:47:41.350Z,38.1546,-117.8963,7.8,1,ml,13,94.34,0.019,0.0937,nn,nn00826187,2021-10-20T02:38:50.095Z,"32 km SE of Mina, Nevada",earthquake,,0.8,0.26,8,reviewed,nn,nn
2021-10-19T20:33:22.080Z,33.6865,-116.7531667,14.33,0.43,ml,17,135,0.04077,0.16,ci,ci39837687,2021-10-19T21:34:16.290Z,"7km SSW of Idyllwild, CA",earthquake,0.45,0.63,0.082,6,reviewed,ci,ci
2021-10-19T20:25:53.901Z,56.284,-156.6201,16.7,2.9,ml,,,,0.45,ak,ak021df8zhgu,2021-10-19T22:13:25.040Z,"110 km E of Chignik, Alaska",earthquake,,1.5,,,automatic,ak,ak
2021-10-19T20:22:15.260Z,19.2105007171631,-155.414672851562,33.6599998474121,1.75,md,31,152,,0.119999997,hv,hv72762557,2021-10-19T20:25:27.640Z,"6 km E of Pāhala, Hawaii",earthquake,0.69,1.13,0.75,7,automatic,hv,hv
2021-10-19T20:17:32.310Z,38.8146667,-122.7959976,2.38,1.06,md,9,127,0.006711,0.04,nc,nc73641555,2021-10-19T22:41:16.137Z,"5km NW of The Geysers, CA",earthquake,0.34,0.52,0.18,7,automatic,nc,nc
2021-10-19T20:13:26.120Z,38.7858315,-122.7633362,0.86,1.61,md,12,113,0.02056,0.07,nc,nc73641550,2021-10-19T22:10:12.965Z,"1km NNW of The Geysers, CA",earthquake,0.35,0.62,0.06,7,automatic,nc,nc
2021-10-19T20:07:39.280Z,38.7911682,-122.7354965,1.89,1.16,md,9,130,0.007978,0.02,nc,nc73641545,2021-10-19T21:44:14.170Z,"2km NE of The Geysers, CA",earthquake,0.33,0.6,0.28,4,automatic,nc,nc
2021-10-19T20:05:42.155Z,58.8036,-151.9424,20.8,2.1,ml,,,,0.67,ak,ak021df8v64n,2021-10-19T20:09:03.644Z,"61 km S of Port Graham, Alaska",earthquake,,0.3,,,automatic,ak,ak
2021-10-19T20:02:46.660Z,39.4313333,-110.3181667,-1.18,1.58,md,7,192,0.009001,0.03,uu,uu60463867,2021-10-19T22:10:15.600Z,"14 km SSE of Sunnyside, Utah",earthquake,0.87,0.36,0.122,7,reviewed,uu,uu
2021-10-19T19:59:32.240Z,33.8701667,-117.504,2.72,0.99,ml,22,70,0.07195,0.13,ci,ci39837639,2021-10-19T21:30:24.612Z,"2km ESE of Home Gardens, CA",quarry blast,0.25,0.45,0.08,10,reviewed,ci,ci
2021-10-19T19:58:13.160Z,33.1446667,-117.1525,-0.2,0.85,ml,19,94,0.03349,0.21,ci,ci39837631,2021-10-19T21:23:51.331Z,"1km E of San Marcos, CA",quarry blast,0.43,31.61,0.066,5,reviewed,ci,ci
2021-10-19T19:53:26.476Z,8.1065,-83.2424,46.62,4.5,mb,,157,0.312,1.05,us,us6000fvyw,2021-10-20T01:34:36.012Z,"41 km W of Limones, Panama",earthquake,7.8,6.8,0.27,4,reviewed,us,us
2021-10-19T19:48:58.214Z,62.902,-151.1954,115.1,2.2,ml,,,,0.38,ak,ak021df8izig,2021-10-19T19:54:22.062Z,"50 km NNW of Petersville, Alaska",earthquake,,0.8,,,automatic,ak,ak
2021-10-19T19:44:38.910Z,34.9405,-119.113,13.85,1.34,ml,12,182,0.1304,0.13,ci,ci39837607,2021-10-19T21:20:18.764Z,"11km NNE of Pine Mountain Club, CA",earthquake,0.47,0.75,0.187,3,reviewed,ci,ci
2021-10-19T19:39:31.681Z,61.1328,-149.2813,31.3,1.8,ml,,,,0.67,ak,ak021df8h027,2021-10-19T19:45:00.851Z,"22 km NNW of Girdwood, Alaska",earthquake,,0.3,,,automatic,ak,ak
2021-10-19T19:38:10.793Z,61.2195,-147.0668,7,1.9,ml,,,,0.16,ak,ak021df8gqqf,2021-10-19T19:41:40.299Z,"39 km WNW of Valdez, Alaska",earthquake,,6.1,,,automatic,ak,ak
2021-10-19T19:37:16.765Z,60.5576,-151.7346,72.8,1.4,ml,,,,0.6,ak,ak021df8gjhd,2021-10-19T19:41:40.166Z,"23 km WSW of Salamatof, Alaska",earthquake,,1.9,,,automatic,ak,ak
2021-10-19T19:35:45.795Z,38.1378,-117.9879,9,1.1,ml,15,138.72,0.023,0.1352,nn,nn00826182,2021-10-20T02:38:48.325Z,"29 km SSE of Mina, Nevada",earthquake,,0.8,0.33,9,reviewed,nn,nn
2021-10-19T19:35:44.650Z,36.2158333,-117.8636667,4.35,1.41,ml,21,67,0.09831,0.16,ci,ci39837591,2021-10-19T20:51:36.530Z,"15km ESE of Olancha, CA",earthquake,0.33,0.92,0.149,19,reviewed,ci,ci
2021-10-19T19:27:45.770Z,36.2195,-117.8556667,3.59,2,ml,23,69,0.1017,0.17,ci,ci39837583,2021-10-19T20:51:40.180Z,"15km ESE of Olancha, CA",earthquake,0.32,0.87,0.215,26,reviewed,ci,ci
2021-10-19T19:26:01.184Z,59.4981,-153.0613,96.5,2.2,ml,,,,0.35,ak,ak021df8e5f2,2021-10-19T19:30:48.888Z,"66 km WNW of Nanwalek, Alaska",earthquake,,0.4,,,automatic,ak,ak
2021-10-19T19:18:46.670Z,33.6766667,-116.7595,14,0.57,ml,17,70,0.05111,0.11,ci,ci39837551,2021-10-19T20:10:51.841Z,"8km SSW of Idyllwild, CA",earthquake,0.28,0.49,0.135,3,reviewed,ci,ci
2021-10-19T19:17:00.370Z,33.67,-116.7533333,14.85,0.52,ml,15,78,0.05246,0.14,ci,ci37482837,2021-10-19T21:00:59.356Z,"8km SSW of Idyllwild, CA",earthquake,0.44,0.7,0.059,5,reviewed,ci,ci
2021-10-19T19:16:55.570Z,33.68,-116.758,14.67,0.7,ml,23,63,0.04798,0.12,ci,ci39837535,2021-10-19T20:53:12.250Z,"8km SSW of Idyllwild, CA",earthquake,0.25,0.34,0.157,8,reviewed,ci,ci
2021-10-19T19:11:10.090Z,33.6611667,-116.7676667,13.84,2.78,ml,119,13,0.06691,0.19,ci,ci39837511,2021-10-20T13:21:17.336Z,"10km SSW of Idyllwild, CA",earthquake,0.1,0.2,0.213,21,reviewed,ci,ci
2021-10-19T19:06:57.190Z,36.9943333,-119.8271667,8.05,1.79,md,8,194,0.09594,0.17,nc,nc73641515,2021-10-19T20:31:11.648Z,"4km ENE of Bonadelle Ranchos-Madera Ranchos, CA",earthquake,0.98,1.12,0.138,8,reviewed,nc,nc
2021-10-19T19:05:58.610Z,49.0941666666667,-122.146833333333,-0.65,1.34,ml,6,284,0.1042,0.27,uw,uw61782577,2021-10-20T16:30:07.210Z,"8 km ENE of Abbotsford, Canada",explosion,2.82,31.61,0.0299576279979032,1,reviewed,uw,uw
